{
  "tracks": [
    {
      "artist": "Eminem",
      "album": "Kamikaze",
      "track": "Fall"
    },
    {
      "artist": "Chance the Rapper",
      "album": "Acid Rap",
      "track": "Paranoia"
    },
    {
      "artist": "RADWIMPS",
      "album": "Your Name.",
      "track": "Nandemonaiya - movie edit."
    },
    {
      "artist": "Vader",
      "album": "Litany",
      "track": "Litany"
    },
    {
      "artist": "Municipal Waste",
      "album": "The Art of Partying",
      "track": "Lunch Hall Food Brawl"
    },
    {
      "artist": "Eminem",
      "album": "The Slim Shady LP",
      "track": "If I Had"
    },
    {
      "artist": "Green Day",
      "album": "Greatest Hits: God's Favorite Band",
      "track": "Boulevard of Broken Dreams"
    },
    {
      "artist": "Ghostemane",
      "album": "Hexada",
      "track": "D(R)Own"
    },
    {
      "artist": "BROCKHAMPTON",
      "album": "SATURATION",
      "track": "FACE"
    },
    {
      "artist": "Black Sabbath",
      "album": "Mob Rules",
      "track": "The Sign of the Southern Cross"
    },
    {
      "artist": "Meek Mill",
      "album": "That's My N**** (with Meek Mill, YG & Snoop Dogg) [From Bright: The Album]",
      "track": "That's My N**** (with Meek Mill, YG & Snoop Dogg)"
    },
    {
      "artist": "Sarcófago",
      "album": "The Laws of Scourge",
      "track": "Prelude to a Suicide"
    },
    {
      "artist": "Lil Uzi Vert",
      "album": "Luv Is Rage 2",
      "track": "XO Tour Llif3"
    },
    {
      "artist": "Motionless In White",
      "album": "Graveyard Shift",
      "track": "Voices"
    },
    {
      "artist": "Juice WRLD",
      "album": "Death Race For Love",
      "track": "Robbery"
    },
    {
      "artist": "A$AP Rocky",
      "album": "AT.LONG.LAST.A$AP",
      "track": "Electric Body (feat. ScHoolboy Q)"
    },
    {
      "artist": "IC3PEAK",
      "album": "Сказка",
      "track": "Сказка"
    },
    {
      "artist": "Municipal Waste",
      "album": "The Art of Partying",
      "track": "A.D.D. (Attention Deficit Destroyer)"
    },
    {
      "artist": "ROSALÍA",
      "album": "TKN (feat. Travis Scott)",
      "track": "TKN (feat. Travis Scott)"
    },
    {
      "artist": "Slayer",
      "album": "Seasons In The Abyss",
      "track": "Seasons In The Abyss"
    },
    {
      "artist": "Eminem",
      "album": "The Marshall Mathers LP",
      "track": "Marshall Mathers"
    },
    {
      "artist": "pewdiepie",
      "album": "Bitch Lasagna",
      "track": "Bitch Lasagna"
    },
    {
      "artist": "Chance the Rapper",
      "album": "Acid Rap",
      "track": "Favorite Song"
    },
    {
      "artist": "Dr. Dre",
      "album": "The Chronic",
      "track": "Nuthin' But A \"G\" Thang"
    },
    {
      "artist": "A$AP Rocky",
      "album": "AT.LONG.LAST.A$AP",
      "track": "Canal St. (feat. Bones)"
    },
    {
      "artist": "Snoop Dogg",
      "album": "Doggystyle",
      "track": "Who Am I (What's My Name)?"
    },
    {
      "artist": "Kanye West",
      "album": "Wash Us In The Blood",
      "track": "Wash Us In The Blood"
    },
    {
      "artist": "Municipal Waste",
      "album": "The Art of Partying",
      "track": "Headbanger Face Rip"
    },
    {
      "artist": "$uicideBoy$",
      "album": "Now The Moon's Rising",
      "track": "Paris"
    },
    {
      "artist": "Billy Joel",
      "album": "The Stranger (Legacy Edition)",
      "track": "Vienna"
    },
    {
      "artist": "Kendrick Lamar",
      "album": "good kid, m.A.A.d city",
      "track": "Bitch, Don’t Kill My Vibe"
    },
    {
      "artist": "Electric Wizard",
      "album": "Dopethrone (Remaster)",
      "track": "Vinum Sabbathi"
    },
    {
      "artist": "Keala Settle",
      "album": "The Greatest Showman (Original Motion Picture Soundtrack)",
      "track": "This Is Me"
    },
    {
      "artist": "Nile",
      "album": "Annihilation of the Wicked",
      "track": "Sacrifice Unto Sebek"
    },
    {
      "artist": "BABYMETAL",
      "album": "BxMxC",
      "track": "BxMxC"
    },
    {
      "artist": "Leo",
      "album": "Leo Metal Covers Volume 2",
      "track": "Chandelier - Metal Cover"
    },
    {
      "artist": "Cardi B",
      "album": "WAP (feat. Megan Thee Stallion)",
      "track": "WAP (feat. Megan Thee Stallion)"
    },
    {
      "artist": "Ozzy Osbourne",
      "album": "Straight to Hell",
      "track": "Straight to Hell"
    },
    {
      "artist": "Leo",
      "album": "Leo Metal, Vol. 21",
      "track": "Baby Shark (Metal Version)"
    },
    {
      "artist": "Megadeth",
      "album": "Rust In Peace",
      "track": "Holy Wars...The Punishment Due - Remastered 2004"
    },
    {
      "artist": "Evanescence",
      "album": "Fallen",
      "track": "My Immortal"
    },
    {
      "artist": "Travis Scott",
      "album": "HIGHEST IN THE ROOM",
      "track": "HIGHEST IN THE ROOM"
    },
    {
      "artist": "Nirvana",
      "album": "Nevermind",
      "track": "Smells Like Teen Spirit"
    },
    {
      "artist": "Lamb of God",
      "album": "Lamb of God",
      "track": "Memento Mori"
    },
    {
      "artist": "cupcakKe",
      "album": "Cum Cake",
      "track": "Vagina"
    },
    {
      "artist": "Rilès",
      "album": "WELCOME TO THE JUNGLE",
      "track": "MARIJUANA"
    },
    {
      "artist": "Kelly Clarkson",
      "album": "Stronger (Deluxe Version)",
      "track": "Stronger (What Doesn't Kill You)"
    },
    {
      "artist": "JID",
      "album": "DiCaprio 2",
      "track": "Off Deez (with J. Cole)"
    },
    {
      "artist": "Tear Da Club Up Thugs",
      "album": "Crazyndalazdayz",
      "track": "Slob On My Nob (feat. Project Pat)"
    },
    {
      "artist": "Eminem",
      "album": "The Marshall Mathers LP",
      "track": "Kill You"
    },
    {
      "artist": "Gojira",
      "album": "From mars to sirius",
      "track": "Flying whales"
    },
    {
      "artist": "Korn",
      "album": "Korn",
      "track": "Blind"
    },
    {
      "artist": "Nicki Minaj",
      "album": "Queen",
      "track": "Majesty (with Labrinth & feat. Eminem)"
    },
    {
      "artist": "Leo",
      "album": "Metal Covers, Vol. 10",
      "track": "Heathens (Metal Cover)"
    },
    {
      "artist": "Lil Wayne",
      "album": "Tha Carter V",
      "track": "Mona Lisa (feat. Kendrick Lamar)"
    },
    {
      "artist": "Snoop Dogg",
      "album": "R&G (Rhythm & Gangsta): The Masterpiece",
      "track": "Drop It Like It's Hot"
    },
    {
      "artist": "Slayer",
      "album": "Reign In Blood",
      "track": "Angel Of Death"
    },
    {
      "artist": "Ozzy Osbourne",
      "album": "Under the Graveyard",
      "track": "Under the Graveyard"
    },
    {
      "artist": "Jason Mraz",
      "album": "Love Is a Four Letter Word",
      "track": "I Won't Give Up"
    },
    {
      "artist": "Municipal Waste",
      "album": "The Art of Partying",
      "track": "Sadistic Magician"
    },
    {
      "artist": "Megadeth",
      "album": "Rust In Peace",
      "track": "Tornado Of Souls - Remastered 2004"
    },
    {
      "artist": "Drake",
      "album": "Dark Lane Demo Tapes",
      "track": "Chicago Freestyle (feat. Giveon)"
    },
    {
      "artist": "Eminem",
      "album": "Relapse: Refill",
      "track": "We Made You"
    },
    {
      "artist": "Knife Party",
      "album": "Rage Valley",
      "track": "Centipede"
    },
    {
      "artist": "Jessie Reyez",
      "album": "BEFORE LOVE CAME TO KILL US",
      "track": "COFFIN (feat. Eminem)"
    },
    {
      "artist": "Kendrick Lamar",
      "album": "good kid, m.A.A.d city",
      "track": "Backseat Freestyle"
    },
    {
      "artist": "Eminem",
      "album": "The Eminem Show",
      "track": "Sing For The Moment"
    },
    {
      "artist": "Eminem",
      "album": "Music To Be Murdered By",
      "track": "Stepdad"
    },
    {
      "artist": "Aquabella",
      "album": "Ayadooeh",
      "track": "Levan Polka"
    },
    {
      "artist": "Ozzy Osbourne",
      "album": "Blizzard of Ozz (Expanded Edition)",
      "track": "Crazy Train"
    },
    {
      "artist": "The Rolling Stones",
      "album": "Out Of Our Heads",
      "track": "(I Can't Get No) Satisfaction - Mono Version"
    },
    {
      "artist": "Ozzy Osbourne",
      "album": "No More Tears (Expanded Edition)",
      "track": "No More Tears"
    },
    {
      "artist": "RADWIMPS",
      "album": "Your Name.",
      "track": "Nandemonaiya - movie ver."
    },
    {
      "artist": "Chance the Rapper",
      "album": "Acid Rap",
      "track": "Smoke Again"
    },
    {
      "artist": "Eminem",
      "album": "Relapse [Deluxe]",
      "track": "Beautiful"
    },
    {
      "artist": "Jack Harlow",
      "album": "Sweet Action",
      "track": "WHATS POPPIN"
    },
    {
      "artist": "Kanye West",
      "album": "JESUS IS KING",
      "track": "Closed On Sunday"
    },
    {
      "artist": "Anitta",
      "album": "Kisses",
      "track": "Onda diferente (feat. Papatinho)"
    },
    {
      "artist": "JID",
      "album": "DiCaprio 2",
      "track": "151 Rum"
    },
    {
      "artist": "Eminem",
      "album": "Relapse: Refill",
      "track": "Insane"
    },
    {
      "artist": "Hopsin",
      "album": "Ill Mind of Hopsin 5 - Single",
      "track": "Ill Mind of Hopsin 5"
    },
    {
      "artist": "NEFFEX",
      "album": "Fight Back: The Collection",
      "track": "Fight Back"
    },
    {
      "artist": "Leo",
      "album": "Leo Metal Covers Volume 4",
      "track": "Uptown Funk - Metal Cover"
    },
    {
      "artist": "The Beatles",
      "album": "Let It Be",
      "track": "Let It Be - Remastered 2009"
    },
    {
      "artist": "Queen",
      "album": "The Game",
      "track": "Another One Bites The Dust - Remastered 2011"
    },
    {
      "artist": "Eminem",
      "album": "Eminem Presents The Re-Up",
      "track": "No Apologies"
    },
    {
      "artist": "Travis Scott",
      "album": "Birds In The Trap Sing McKnight",
      "track": "goosebumps"
    },
    {
      "artist": "50 Cent",
      "album": "Get Rich Or Die Tryin'",
      "track": "Patiently Waiting"
    },
    {
      "artist": "Leo",
      "album": "Leo Metal Covers, Vol. 14",
      "track": "Believer - Metal Version"
    },
    {
      "artist": "Daft Punk",
      "album": "Discovery",
      "track": "Harder, Better, Faster, Stronger"
    },
    {
      "artist": "NEFFEX",
      "album": "Fight Back: The Collection",
      "track": "Spartan"
    },
    {
      "artist": "Rammstein",
      "album": "Sehnsucht",
      "track": "Du hast"
    },
    {
      "artist": "6LACK",
      "album": "East Atlanta Love Letter",
      "track": "Loaded Gun"
    },
    {
      "artist": "AC/DC",
      "album": "Back In Black",
      "track": "Back In Black"
    },
    {
      "artist": "Thergothon",
      "album": "Stream From The Heavens",
      "track": "Everlasting"
    },
    {
      "artist": "$uicideBoy$",
      "album": "My Liver Will Handle What My Heart Can't",
      "track": "Kill Yourself (Part III)"
    },
    {
      "artist": "Slayer",
      "album": "South Of Heaven",
      "track": "South Of Heaven"
    },
    {
      "artist": "Waka Flocka Flame",
      "album": "Salute Me Or Shoot Me 4 (Banned From America)",
      "track": "I'm A Hater (feat. Tyler The Creator & D-Bo)"
    },
    {
      "artist": "Eminem",
      "album": "Encore",
      "track": "Ass Like That"
    },
    {
      "artist": "NF",
      "album": "Perception",
      "track": "Dreams"
    },
    {
      "artist": "NF",
      "album": "The Search",
      "track": "My Stress"
    },
    {
      "artist": "Future",
      "album": "High Off Life",
      "track": "Life Is Good (feat. Drake)"
    },
    {
      "artist": "Slayer",
      "album": "Reign In Blood",
      "track": "Raining Blood"
    },
    {
      "artist": "Keybop",
      "album": "Levan Polkka",
      "track": "Levan Polkka"
    },
    {
      "artist": "Ozzy Osbourne",
      "album": "Diary Of A Madman",
      "track": "Over the Mountain"
    },
    {
      "artist": "Slipknot",
      "album": "Vol. 3: The Subliminal Verses",
      "track": "Duality"
    },
    {
      "artist": "Jack Ü",
      "album": "Skrillex and Diplo present Jack Ü",
      "track": "Mind (feat. Kai)"
    },
    {
      "artist": "Eminem",
      "album": "Revival",
      "track": "Nowhere Fast (feat. Kehlani)"
    },
    {
      "artist": "Lil Tecca",
      "album": "We Love You Tecca",
      "track": "Ransom"
    },
    {
      "artist": "Leo",
      "album": "Leo Metal, Vol. 27",
      "track": "Dance Monkey (Metal Version)"
    },
    {
      "artist": "NF",
      "album": "WHY",
      "track": "WHY"
    },
    {
      "artist": "BLACKPINK",
      "album": "Kill This Love",
      "track": "Kill This Love"
    },
    {
      "artist": "Dawin",
      "album": "Dessert",
      "track": "Dessert"
    },
    {
      "artist": "Owl City",
      "album": "Ocean Eyes",
      "track": "Fireflies"
    },
    {
      "artist": "S3RL",
      "album": "Hentai",
      "track": "Hentai"
    },
    {
      "artist": "Dr. Dre",
      "album": "2001",
      "track": "Still D.R.E."
    },
    {
      "artist": "Black Sabbath",
      "album": "Paranoid",
      "track": "Paranoid (2012 - Remaster)"
    },
    {
      "artist": "Megadeth",
      "album": "Warheads On Foreheads",
      "track": "Sweating Bullets - Remastered 2004"
    },
    {
      "artist": "Eminem",
      "album": "The Marshall Mathers LP2",
      "track": "Berzerk"
    },
    {
      "artist": "Migos",
      "album": "Culture",
      "track": "Bad and Boujee (feat. Lil Uzi Vert)"
    },
    {
      "artist": "Kreator",
      "album": "Gods of Violence",
      "track": "Satan Is Real"
    },
    {
      "artist": "YG",
      "album": "Still Brazy",
      "track": "FDT"
    },
    {
      "artist": "Megadeth",
      "album": "Rust In Peace",
      "track": "Hangar 18 - Remastered 2004"
    },
    {
      "artist": "Pantera",
      "album": "Vulgar Display of Power",
      "track": "Walk"
    },
    {
      "artist": "System Of A Down",
      "album": "Toxicity",
      "track": "Chop Suey!"
    },
    {
      "artist": "Tom MacDonald",
      "album": "People So Stupid",
      "track": "People So Stupid"
    },
    {
      "artist": "D.R.I.",
      "album": "Thrash Zone",
      "track": "Thrashard"
    },
    {
      "artist": "Ashnikko",
      "album": "Daisy",
      "track": "Daisy"
    },
    {
      "artist": "Tyga",
      "album": "Ballin' & Stuntin' Vol. 9",
      "track": "F**k it Right Boy"
    },
    {
      "artist": "Daft Punk",
      "album": "Get Lucky (feat. Pharrell Williams & Nile Rodgers)",
      "track": "Get Lucky (feat. Pharrell Williams & Nile Rodgers) - Radio Edit"
    },
    {
      "artist": "Ozzy Osbourne",
      "album": "Ordinary Man",
      "track": "Ordinary Man (feat. Elton John)"
    },
    {
      "artist": "Eminem",
      "album": "The Slim Shady LP",
      "track": "Rock Bottom"
    },
    {
      "artist": "Wardruna",
      "album": "Lyfjaberg",
      "track": "Lyfjaberg"
    },
    {
      "artist": "Eminem",
      "album": "Revival",
      "track": "Chloraseptic (feat. Phresher)"
    },
    {
      "artist": "Megadeth",
      "album": "Warheads On Foreheads",
      "track": "In My Darkest Hour - Remastered"
    },
    {
      "artist": "NF",
      "album": "The Search",
      "track": "The Search - Edit"
    },
    {
      "artist": "Spillage Village",
      "album": "Baptize (with JID & EARTHGANG feat. Ant Clemons)",
      "track": "Baptize (with JID & EARTHGANG feat. Ant Clemons)"
    },
    {
      "artist": "Led Zeppelin",
      "album": "Led Zeppelin IV",
      "track": "Stairway to Heaven - Remaster"
    },
    {
      "artist": "Eminem",
      "album": "Recovery",
      "track": "Space Bound"
    },
    {
      "artist": "Jain",
      "album": "Zanaka",
      "track": "Makeba"
    },
    {
      "artist": "Dreamville",
      "album": "Revenge Of The Dreamers III",
      "track": "Sacrifices (with EARTHGANG & J. Cole feat. Smino & Saba)"
    },
    {
      "artist": "Megadeth",
      "album": "Warheads On Foreheads",
      "track": "Symphony Of Destruction - Remastered 2012"
    },
    {
      "artist": "Eminem",
      "album": "When I'm Gone",
      "track": "When I'm Gone"
    },
    {
      "artist": "Eminem",
      "album": "The Marshall Mathers LP",
      "track": "Drug Ballad"
    },
    {
      "artist": "Kendrick Lamar",
      "album": "good kid, m.A.A.d city",
      "track": "m.A.A.d city"
    },
    {
      "artist": "Trivium",
      "album": "What The Dead Men Say",
      "track": "What The Dead Men Say"
    },
    {
      "artist": "Hopsin",
      "album": "Kumbaya",
      "track": "Kumbaya"
    },
    {
      "artist": "Leo",
      "album": "Metal Covers, Vol. 13",
      "track": "Closer (Metal Cover)"
    },
    {
      "artist": "Jain",
      "album": "Zanaka",
      "track": "Come"
    },
    {
      "artist": "J. Cole",
      "album": "everybody dies",
      "track": "everybody dies"
    },
    {
      "artist": "Hopsin",
      "album": "You Should've Known",
      "track": "You Should've Known"
    },
    {
      "artist": "Vader",
      "album": "Litany",
      "track": "The One Made Of Dreams"
    },
    {
      "artist": "Leo",
      "album": "Leo Metal Covers Volume 4",
      "track": "Beat it - Metal Cover"
    },
    {
      "artist": "Eminem",
      "album": "The Marshall Mathers LP",
      "track": "I'm Back"
    },
    {
      "artist": "John Lennon",
      "album": "Imagine",
      "track": "Imagine - Remastered 2010"
    },
    {
      "artist": "Eminem",
      "album": "Revival",
      "track": "Bad Husband (feat. X Ambassadors)"
    },
    {
      "artist": "Khia",
      "album": "Thug Misses (Digitally Remastered)",
      "track": "My Neck, My Back (Lick It)"
    },
    {
      "artist": "Ty Dolla $ign",
      "album": "Or Nah (feat. The Weeknd, Wiz Khalifa & DJ Mustard) [Remix]",
      "track": "Or Nah (feat. The Weeknd, Wiz Khalifa & DJ Mustard) - Remix"
    },
    {
      "artist": "Roddy Ricch",
      "album": "Please Excuse Me For Being Antisocial",
      "track": "The Box"
    },
    {
      "artist": "Future",
      "album": "Monster",
      "track": "Codeine Crazy"
    },
    {
      "artist": "Sarcófago",
      "album": "The Laws of Scourge",
      "track": "Screeches From the Silence"
    },
    {
      "artist": "BROCKHAMPTON",
      "album": "SATURATION II",
      "track": "SWEET"
    },
    {
      "artist": "Eminem",
      "album": "Encore",
      "track": "Mosh"
    },
    {
      "artist": "Bring Me The Horizon",
      "album": "POST HUMAN: SURVIVAL HORROR",
      "track": "Kingslayer (feat. BABYMETAL)"
    },
    {
      "artist": "Ozzy Osbourne",
      "album": "Bark At The Moon (Expanded Edition)",
      "track": "Bark at the Moon"
    },
    {
      "artist": "Snoop Dogg",
      "album": "Tha Last Meal",
      "track": "Lay Low"
    },
    {
      "artist": "Eminem",
      "album": "Encore",
      "track": "Mockingbird"
    },
    {
      "artist": "The Beatles",
      "album": "Help!",
      "track": "Yesterday - Remastered 2009"
    },
    {
      "artist": "Eminem",
      "album": "Encore",
      "track": "Just Lose It"
    },
    {
      "artist": "Ozzy Osbourne",
      "album": "Ordinary Man",
      "track": "Straight to Hell"
    },
    {
      "artist": "Queen",
      "album": "A Night At The Opera",
      "track": "Bohemian Rhapsody - Remastered 2011"
    },
    {
      "artist": "Mac Lethal",
      "album": "Congratulations",
      "track": "Angel of Death (feat. Tech N9ne)"
    },
    {
      "artist": "RADWIMPS",
      "album": "Your Name.",
      "track": "Dream lantern"
    },
    {
      "artist": "Rammstein",
      "album": "Sehnsucht",
      "track": "Du hast"
    },
    {
      "artist": "Jinjer",
      "album": "King of Everything",
      "track": "Pisces"
    },
    {
      "artist": "Eminem",
      "album": "The Eminem Show",
      "track": "When The Music Stops"
    },
    {
      "artist": "Anthrax",
      "album": "Among The Living",
      "track": "Indians"
    },
    {
      "artist": "Sarcófago",
      "album": "The Laws of Scourge",
      "track": "Midnight Queen"
    },
    {
      "artist": "XXXTENTACION",
      "album": "?",
      "track": "the remedy for a broken heart (why am I so in love)"
    },
    {
      "artist": "Pantera",
      "album": "Reinventing The Steel - 20th Anniversary Deluxe Edition (Terry Date Mix)",
      "track": "Revolution Is My Name - 2020 Terry Date Mix"
    },
    {
      "artist": "Vince Staples",
      "album": "Summertime '06",
      "track": "Norf Norf"
    },
    {
      "artist": "21 Savage",
      "album": "i am > i was",
      "track": "a lot"
    },
    {
      "artist": "Eminem",
      "album": "The Eminem Show",
      "track": "Hailie's Song"
    },
    {
      "artist": "Wordplay T. Jay",
      "album": "Job Application",
      "track": "Someone Else's Dream"
    },
    {
      "artist": "Daft Punk",
      "album": "Random Access Memories",
      "track": "Doin' it Right (feat. Panda Bear)"
    },
    {
      "artist": "Eminem",
      "album": "Recovery",
      "track": "Cinderella Man"
    },
    {
      "artist": "Eminem",
      "album": "Music To Be Murdered By",
      "track": "Darkness"
    },
    {
      "artist": "Eminem",
      "album": "The Marshall Mathers LP",
      "track": "Kill You"
    },
    {
      "artist": "BROCKHAMPTON",
      "album": "SATURATION",
      "track": "FAKE"
    },
    {
      "artist": "Ariana Grande",
      "album": "thank u, next",
      "track": "7 rings"
    },
    {
      "artist": "Chance the Rapper",
      "album": "Acid Rap",
      "track": "Cocoa Butter Kisses"
    },
    {
      "artist": "NF",
      "album": "PAID MY DUES",
      "track": "PAID MY DUES"
    },
    {
      "artist": "The Notorious B.I.G.",
      "album": "Ready to Die",
      "track": "Juicy - 2005 Remaster"
    },
    {
      "artist": "21 Savage",
      "album": "Issa Album",
      "track": "Bank Account"
    },
    {
      "artist": "Tom MacDonald",
      "album": "Blame the Rappers",
      "track": "Blame the Rappers"
    },
    {
      "artist": "Ozzy Osbourne",
      "album": "Blizzard Of Ozz",
      "track": "Crazy Train - Live from Blizzard Of Ozz tour"
    },
    {
      "artist": "Jack Harlow",
      "album": "WHATS POPPIN (feat. DaBaby, Tory Lanez & Lil Wayne)",
      "track": "WHATS POPPIN (feat. DaBaby, Tory Lanez & Lil Wayne) - Remix"
    },
    {
      "artist": "Ozzy Osbourne",
      "album": "It's A Raid (feat. Post Malone)",
      "track": "It's A Raid (feat. Post Malone)"
    },
    {
      "artist": "The Notorious B.I.G.",
      "album": "Greatest Hits",
      "track": "Hypnotize - 2007 Remaster"
    },
    {
      "artist": "Desired",
      "album": "Memory Tape",
      "track": "Secret Senshi"
    },
    {
      "artist": "Metallica",
      "album": "Metallica",
      "track": "Enter Sandman"
    },
    {
      "artist": "Eminem",
      "album": "Revival",
      "track": "Walk On Water (feat. Beyoncé)"
    },
    {
      "artist": "Jain",
      "album": "Souldier",
      "track": "Alright"
    },
    {
      "artist": "Eminem",
      "album": "Recovery",
      "track": "Not Afraid"
    },
    {
      "artist": "Eminem",
      "album": "The Slim Shady LP",
      "track": "'97 Bonnie & Clyde"
    },
    {
      "artist": "DJ Snake",
      "album": "Carte Blanche",
      "track": "Loco Contigo (feat. J. Balvin & Tyga)"
    },
    {
      "artist": "The Notorious B.I.G.",
      "album": "Born Again",
      "track": "Notorious B.I.G. (feat. Lil' Kim & Puff Daddy) - 2005 Remaster"
    },
    {
      "artist": "Trivium",
      "album": "Catastrophist",
      "track": "Catastrophist"
    },
    {
      "artist": "Rammstein",
      "album": "Sehnsucht",
      "track": "Engel"
    },
    {
      "artist": "Dr. Dre",
      "album": "2001",
      "track": "The Next Episode"
    },
    {
      "artist": "Black Eyed Peas",
      "album": "TRANSLATION",
      "track": "RITMO (Bad Boys For Life)"
    },
    {
      "artist": "Leo",
      "album": "Leo Metal Covers Volume 6",
      "track": "Hotline Bling (Metal Cover)"
    },
    {
      "artist": "Joyner Lucas",
      "album": "Snitch",
      "track": "Snitch"
    },
    {
      "artist": "Eminem",
      "album": "The Slim Shady LP",
      "track": "Guilty Conscience"
    },
    {
      "artist": "Ghostemane",
      "album": "Blackmage",
      "track": "Venom"
    },
    {
      "artist": "BROCKHAMPTON",
      "album": "SATURATION II",
      "track": "JELLO"
    },
    {
      "artist": "Black Sabbath",
      "album": "13",
      "track": "God Is Dead?"
    },
    {
      "artist": "AronChupa",
      "album": "Rave in the Grave",
      "track": "Rave in the Grave"
    },
    {
      "artist": "ScHoolboy Q",
      "album": "Festival Fire",
      "track": "THat Part"
    },
    {
      "artist": "IC3PEAK",
      "album": "До Свидания",
      "track": "Плак-Плак"
    },
    {
      "artist": "Nas",
      "album": "It Was Written",
      "track": "The Message"
    },
    {
      "artist": "Trevor Daniel",
      "album": "Falling",
      "track": "Falling"
    },
    {
      "artist": "Eminem",
      "album": "The Eminem Show",
      "track": "Cleanin' Out My Closet"
    },
    {
      "artist": "Tyler, The Creator",
      "album": "Potato Salad",
      "track": "Potato Salad"
    },
    {
      "artist": "Billy Joel",
      "album": "The Stranger (Legacy Edition)",
      "track": "She's Always a Woman"
    },
    {
      "artist": "Eminem",
      "album": "Encore",
      "track": "Ass Like That"
    },
    {
      "artist": "Eminem",
      "album": "The Slim Shady LP",
      "track": "Brain Damage"
    },
    {
      "artist": "Teddy Swims",
      "album": "Someone You Loved",
      "track": "Someone You Loved"
    },
    {
      "artist": "Pink Floyd",
      "album": "The Wall",
      "track": "Another Brick in the Wall, Pt. 2"
    },
    {
      "artist": "Metallica",
      "album": "Master Of Puppets",
      "track": "Master Of Puppets"
    },
    {
      "artist": "Daft Punk",
      "album": "Random Access Memories",
      "track": "Instant Crush (feat. Julian Casablancas)"
    },
    {
      "artist": "Children Of Bodom",
      "album": "Are You Dead Yet?",
      "track": "Are You Dead Yet"
    },
    {
      "artist": "JENNIE",
      "album": "SOLO",
      "track": "SOLO"
    },
    {
      "artist": "Eminem",
      "album": "Music To Be Murdered By",
      "track": "Godzilla (feat. Juice WRLD)"
    },
    {
      "artist": "IC3PEAK",
      "album": "До Свидания",
      "track": "Марш"
    },
    {
      "artist": "Leo",
      "album": "Leo Metal Covers Volume 4",
      "track": "Gin and Juice - Metal Cover"
    },
    {
      "artist": "Salt-N-Pepa",
      "album": "Very Necessary",
      "track": "None Of Your Business"
    },
    {
      "artist": "Juice WRLD",
      "album": "Goodbye & Good Riddance",
      "track": "Lucid Dreams"
    },
    {
      "artist": "Marian Hill",
      "album": "ACT ONE",
      "track": "Down"
    },
    {
      "artist": "Eminem",
      "album": "The Marshall Mathers LP",
      "track": "Stan"
    },
    {
      "artist": "NF",
      "album": "Perception",
      "track": "Lie"
    },
    {
      "artist": "WYS",
      "album": "1 Am. Study Session",
      "track": "Snowman"
    },
    {
      "artist": "Sia",
      "album": "LABRINTH, SIA & DIPLO PRESENT... LSD",
      "track": "Genius (feat. Sia, Diplo, and Labrinth)"
    },
    {
      "artist": "Machine Head",
      "album": "Catharsis",
      "track": "Beyond the Pale"
    },
    {
      "artist": "Lil Nas X",
      "album": "Rodeo",
      "track": "Rodeo - feat. Nas"
    },
    {
      "artist": "Dr. Dre",
      "album": "2001",
      "track": "Forgot About Dre"
    },
    {
      "artist": "Tyler, The Creator",
      "album": "IGOR",
      "track": "EARFQUAKE"
    },
    {
      "artist": "Eminem",
      "album": "Music To Be Murdered By - Side B",
      "track": "Gnat"
    },
    {
      "artist": "MEDUZA",
      "album": "Piece Of Your Heart",
      "track": "Piece Of Your Heart"
    },
    {
      "artist": "Municipal Waste",
      "album": "The Art of Partying",
      "track": "The Art of Partying"
    },
    {
      "artist": "Eminem",
      "album": "The Marshall Mathers LP",
      "track": "Under The Influence"
    },
    {
      "artist": "AronChupa",
      "album": "Little Swing",
      "track": "Little Swing"
    },
    {
      "artist": "Black Eyed Peas",
      "album": "TRANSLATION",
      "track": "ACTION"
    },
    {
      "artist": "Rammstein",
      "album": "LIEBE IST FÜR ALLE DA",
      "track": "PUSSY"
    },
    {
      "artist": "Nick Drake",
      "album": "Pink Moon",
      "track": "Free Ride"
    },
    {
      "artist": "NF",
      "album": "Perception",
      "track": "If You Want Love"
    },
    {
      "artist": "Eminem",
      "album": "The Eminem Show",
      "track": "My Dad's Gone Crazy"
    },
    {
      "artist": "Liquid Stranger",
      "album": "Weird & Wonderful",
      "track": "Spaceboss"
    },
    {
      "artist": "Travis Scott",
      "album": "ASTROWORLD",
      "track": "BUTTERFLY EFFECT"
    },
    {
      "artist": "deadmau5",
      "album": "5 Years of mau5",
      "track": "Ghosts 'n' Stuff (feat. Rob Swire) - Nero Mix"
    },
    {
      "artist": "Ozzy Osbourne",
      "album": "Ordinary Man",
      "track": "Under the Graveyard"
    },
    {
      "artist": "J. Cole",
      "album": "2014 Forest Hills Drive",
      "track": "January 28th"
    },
    {
      "artist": "Post Malone",
      "album": "Hollywood's Bleeding",
      "track": "Circles"
    },
    {
      "artist": "BLACKPINK",
      "album": "Kill This Love",
      "track": "DDU-DU DDU-DU (Remix)"
    },
    {
      "artist": "cupcakKe",
      "album": "Cum Cake",
      "track": "Deepthroat"
    },
    {
      "artist": "System Of A Down",
      "album": "Toxicity",
      "track": "Toxicity"
    },
    {
      "artist": "DaBaby",
      "album": "KIRK",
      "track": "BOP"
    },
    {
      "artist": "Trina",
      "album": "Diamond Princess",
      "track": "Nasty Bitch (feat. Money Mark of Tre+6)"
    },
    {
      "artist": "NF",
      "album": "The Search",
      "track": "Leave Me Alone"
    },
    {
      "artist": "Ariana Grande",
      "album": "Dangerous Woman",
      "track": "Side To Side"
    },
    {
      "artist": "A2M",
      "album": "I Got Bitches",
      "track": "I Got Bitches"
    },
    {
      "artist": "The Loudest Silence",
      "album": "Aesthetic Illusion",
      "track": "The Loudest Silence (Through the Glowing Door)"
    },
    {
      "artist": "Powfu",
      "album": "death bed (coffee for your head)",
      "track": "death bed (coffee for your head)"
    },
    {
      "artist": "Eminem",
      "album": "The Slim Shady LP",
      "track": "My Name Is"
    },
    {
      "artist": "Megadeth",
      "album": "Peace Sells...But Who's Buying",
      "track": "Peace Sells - Remastered"
    },
    {
      "artist": "Lil Uzi Vert",
      "album": "Eternal Atake",
      "track": "P2"
    },
    {
      "artist": "Migos",
      "album": "Culture II",
      "track": "Walk It Talk It"
    },
    {
      "artist": "Eminem",
      "album": "The Slim Shady LP",
      "track": "As The World Turns"
    },
    {
      "artist": "D12",
      "album": "D-12 World",
      "track": "My Band"
    },
    {
      "artist": "Lewis Capaldi",
      "album": "Bruises",
      "track": "Bruises"
    },
    {
      "artist": "Leo",
      "album": "WAP (Metal Version)",
      "track": "WAP (Metal Version)"
    },
    {
      "artist": "Kanye West",
      "album": "Yeezus",
      "track": "New Slaves"
    },
    {
      "artist": "Drowning Pool",
      "album": "Sinner",
      "track": "Bodies"
    },
    {
      "artist": "Tyler, The Creator",
      "album": "IGOR",
      "track": "NEW MAGIC WAND"
    },
    {
      "artist": "Eminem",
      "album": "Recovery",
      "track": "Love The Way You Lie"
    },
    {
      "artist": "$uicideBoy$",
      "album": "High Tide In The Snake's Nest",
      "track": "$outh $ide $uicide"
    },
    {
      "artist": "Leo",
      "album": "Leo Metal Covers Volume 8",
      "track": "Stressed Out (Metal Cover)"
    },
    {
      "artist": "Aminé",
      "album": "Good For You",
      "track": "Caroline"
    },
    {
      "artist": "Eminem",
      "album": "Recovery",
      "track": "Going Through Changes"
    },
    {
      "artist": "blackbear",
      "album": "drink bleach",
      "track": "shake ya ass (feat. P-Lo)"
    },
    {
      "artist": "Red Hot Chili Peppers",
      "album": "Blood Sugar Sex Magik",
      "track": "Give It Away"
    },
    {
      "artist": "Eminem",
      "album": "The Marshall Mathers LP2",
      "track": "Headlights"
    },
    {
      "artist": "6LACK",
      "album": "East Atlanta Love Letter",
      "track": "Pretty Little Fears (feat. J. Cole)"
    },
    {
      "artist": "Eminem",
      "album": "Revival",
      "track": "Believe"
    },
    {
      "artist": "Black Sabbath",
      "album": "Paranoid",
      "track": "Iron Man (2012 - Remaster)"
    },
    {
      "artist": "Powfu",
      "album": "some boring love stories, pt. 4",
      "track": "Hear my thoughts"
    },
    {
      "artist": "Nas",
      "album": "Stillmatic",
      "track": "One Mic"
    },
    {
      "artist": "Rammstein",
      "album": "Sehnsucht",
      "track": "Sehnsucht"
    },
    {
      "artist": "Lamb of God",
      "album": "Ashes of the Wake (15th Anniversary)",
      "track": "Laid to Rest"
    },
    {
      "artist": "Ozzy Osbourne",
      "album": "Blizzard of Ozz (Expanded Edition)",
      "track": "Mr. Crowley"
    },
    {
      "artist": "Tyler, The Creator",
      "album": "IGOR",
      "track": "I THINK"
    },
    {
      "artist": "Lil Wayne",
      "album": "Sucker for Pain (with Logic & Ty Dolla $ign feat. X Ambassadors)",
      "track": "Sucker for Pain (with Wiz Khalifa, Imagine Dragons, Logic & Ty Dolla $ign feat. X Ambassadors)"
    },
    {
      "artist": "Eminem",
      "album": "The Slim Shady LP",
      "track": "Still Don't Give A Fuck"
    },
    {
      "artist": "Ella Fitzgerald",
      "album": "Love, Ella",
      "track": "Dream A Little Dream Of Me - Single Version"
    },
    {
      "artist": "NF",
      "album": "When I Grow Up",
      "track": "When I Grow Up"
    },
    {
      "artist": "Travis Scott",
      "album": "ASTROWORLD",
      "track": "SICKO MODE"
    },
    {
      "artist": "Plastician",
      "album": "Beg To Differ",
      "track": "Intensive Snare feat. Skepta - Original Mix"
    },
    {
      "artist": "Slipknot",
      "album": "Unsainted",
      "track": "Unsainted"
    },
    {
      "artist": "J. Cole",
      "album": "Revenge Of The Dreamers III",
      "track": "MIDDLE CHILD"
    },
    {
      "artist": "Ennio Morricone",
      "album": "Per un pugno di dollari (Original Motion Picture Soundtrack)",
      "track": "Per un pugno di dollari - Titoli"
    },
    {
      "artist": "RADWIMPS",
      "album": "Your Name.",
      "track": "Sparkle - movie ver."
    },
    {
      "artist": "Leo",
      "album": "Leo Metal Covers Volume 6",
      "track": "Barbie Girl (Metal Cover)"
    },
    {
      "artist": "Post Malone",
      "album": "rockstar",
      "track": "rockstar"
    },
    {
      "artist": "EARTHGANG",
      "album": "Rags - EP",
      "track": "Meditate (feat. J.I.D.)"
    },
    {
      "artist": "Evanescence",
      "album": "Fallen",
      "track": "Bring Me To Life"
    },
    {
      "artist": "Eminem",
      "album": "The Marshall Mathers LP",
      "track": "The Real Slim Shady"
    },
    {
      "artist": "J. Cole",
      "album": "2014 Forest Hills Drive",
      "track": "Love Yourz"
    },
    {
      "artist": "Eminem",
      "album": "Encore",
      "track": "Like Toy Soldiers"
    },
    {
      "artist": "Eminem",
      "album": "Relapse [Deluxe]",
      "track": "My Mom"
    },
    {
      "artist": "Ghostemane",
      "album": "N / O / I / S / E",
      "track": "Nihil"
    },
    {
      "artist": "Daft Punk",
      "album": "Discovery",
      "track": "One More Time"
    },
    {
      "artist": "Leo",
      "album": "Leo Metal, Vol. 21",
      "track": "Lose Yourself (Metal Version)"
    },
    {
      "artist": "Vengaboys",
      "album": "Shalala Lala",
      "track": "Shalala Lala"
    },
    {
      "artist": "Kid Cudi",
      "album": "The Adventures of Moon Man & Slim Shady (with Eminem)",
      "track": "The Adventures of Moon Man & Slim Shady (with Eminem)"
    },
    {
      "artist": "Migos",
      "album": "Bad and Boujee (feat. Lil Uzi Vert)",
      "track": "Bad and Boujee (feat. Lil Uzi Vert)"
    },
    {
      "artist": "AronChupa",
      "album": "Llama In My Living Room",
      "track": "Llama In My Living Room"
    }
  ],
  "albums": [
    {
      "artist": "Various Artists",
      "album": "Peaceville Presents... Doom Metal"
    },
    {
      "artist": "Various Artists",
      "album": "Best Death Metal Bands"
    }
  ],
  "shows": [
    {
      "name": "Chai Time Data Science ",
      "publisher": "Sanyam Bhutani"
    },
    {
      "name": "Chai Time Data Science News",
      "publisher": "Sanyam Bhutani"
    },
    {
      "name": "Data Science Masterminds",
      "publisher": "colearninglounge"
    },
    {
      "name": "Data Science Now",
      "publisher": "Closter"
    },
    {
      "name": "Data Science at Home",
      "publisher": "Francesco Gadaleta"
    },
    {
      "name": "Data Skeptic",
      "publisher": "Kyle Polich"
    },
    {
      "name": "Developer Tea",
      "publisher": "Jonathan Cutrell"
    },
    {
      "name": "Humans 2.0 | Mind Upgrade",
      "publisher": "Mark Metry"
    },
    {
      "name": "Impact Theory with Tom Bilyeu",
      "publisher": "Tom Bilyeu"
    },
    {
      "name": "Ken's Nearest Neighbors ",
      "publisher": "Ken Jee"
    },
    {
      "name": "Kwik Brain with Jim Kwik",
      "publisher": "Jim Kwik"
    },
    {
      "name": "Lex Fridman Podcast",
      "publisher": "Lex Fridman"
    },
    {
      "name": "Machine Learning Street Talk",
      "publisher": "Machine Learning Street Talk"
    },
    {
      "name": "Machine learning ",
      "publisher": "David Nishimoto"
    },
    {
      "name": "Metalheads Podcast",
      "publisher": "Metalheads Podcast"
    },
    {
      "name": "NLP Highlights",
      "publisher": "Allen Institute for Artificial Intelligence"
    },
    {
      "name": "Naval",
      "publisher": "Naval"
    },
    {
      "name": "Not Overthinking",
      "publisher": "Ali & Taimur Abdaal"
    },
    {
      "name": "Programmers Quickie",
      "publisher": "Software Engineering"
    },
    {
      "name": "Simple Programmer Podcast",
      "publisher": "John Sonmez"
    },
    {
      "name": "SuperDataScience",
      "publisher": "SuperDataScience Podcast - Skyrocket Your Career"
    },
    {
      "name": "That Creative Life",
      "publisher": "Sara Dietschy"
    },
    {
      "name": "The Daily Mastery Podcast by Robin Sharma",
      "publisher": "Robin Sharma"
    },
    {
      "name": "The Daily Stoic",
      "publisher": "Daily Stoic"
    },
    {
      "name": "The GaryVee Audio Experience",
      "publisher": "Gary Vaynerchuk"
    },
    {
      "name": "The Inforium",
      "publisher": "Thomas Frank and Martin Boehme"
    },
    {
      "name": "The Mindset Mentor",
      "publisher": "Rob Dial and Kast Media"
    },
    {
      "name": "The Real Python Podcast",
      "publisher": "Real Python"
    },
    {
      "name": "Towards Data Science",
      "publisher": "The TDS team "
    },
    {
      "name": "Waveform: The MKBHD Podcast",
      "publisher": "Studio71"
    },
    {
      "name": "Weekly Motivation by Ben Lionel Scott",
      "publisher": "Ben Lionel Scott"
    }
  ],
  "episodes": [
  ],
  "bannedTracks": [
  ],
  "other": [
  ]
}